{
    "model_name": "cnn_1",
    "training_time": 907.2781450748444,
    "loss": 3.3485758304595947,
    "accuracy": 0.09828135371208191,
    "recall": 0.03693375736474991,
    "precision": 0.8988919854164124
}