{
    "model_name": "cnn_1_2",
    "training_time": 843.9530119895935,
    "loss": 3.636403799057007,
    "accuracy": 0.0276007279753685,
    "recall": 0.0,
    "precision": 0.0
}