{
    "model_name": "cnn_2",
    "training_time": 7743.110574245453,
    "loss": 3.493849039077759,
    "accuracy": 0.0644206702709198,
    "recall": 0.027031641453504562,
    "precision": 0.9557344317436218
}