{
    "model_name": "efficientnet",
    "training_time": 2835.4529106616974,
    "loss": 0.16023387014865875,
    "accuracy": 0.9512292146682739,
    "recall": 0.9479854106903076,
    "precision": 0.9558730721473694
}