{
    "model_name": "inception_v3",
    "training_time": 4006.09282207489,
    "loss": 2.2421200275421143,
    "accuracy": 0.5071704983711243,
    "recall": 0.46693602204322815,
    "precision": 0.5740572214126587
}