{
    "model_name": "xception",
    "training_time": 2706.1587419509888,
    "loss": 0.14430196583271027,
    "accuracy": 0.9550990462303162,
    "recall": 0.9523674249649048,
    "precision": 0.958970844745636
}